date,description,amount,merchant,currency
2026-01-03,MERCADO COMPRA SEMANAL,-42.50,Mercado Bom Preço,BRL
2026-01-05,UBER VIAGEM CENTRO,-25.40,Uber,BRL
2026-01-05,SALARIO MENSAL,7000.00,Empresa Exemplo,BRL
2026-01-08,ALUGUEL JANEIRO,-1500.00,Imobiliária Lar,BRL
2026-01-10,PADARIA CAFE DA MANHA,-55.00,Padaria Pão Quente,BRL
2026-01-12,POSTO COMBUSTIVEL,-89.90,Posto Estrada,BRL
2026-01-15,ENERGIA CONTA JANEIRO,-187.35,Companhia Energia,BRL
2026-01-18,RESTAURANTE ALMOCO,-48.90,Restaurante Sabor,BRL
2026-01-25,MERCADO REPOSICAO,-51.20,Mercado Bom Preço,BRL

2026-02-02,MERCADO COMPRA SEMANAL,-44.00,Mercado Bom Preço,BRL
2026-02-04,UBER VIAGEM AEROPORTO,-31.70,Uber,BRL
2026-02-06,ALUGUEL FEVEREIRO,-1500.00,Imobiliária Lar,BRL
2026-02-09,RESTAURANTE JANTAR,-59.90,Restaurante Sabor,BRL
2026-02-11,POSTO COMBUSTIVEL,-120.00,Posto Estrada,BRL
2026-02-14,MERCADO COMPRA FESTA ANUAL,-5000.00,Mercado Bom Preço,BRL
2026-02-15,ENERGIA CONTA FEVEREIRO,-201.48,Companhia Energia,BRL
2026-02-17,PADARIA LANCHE,-47.30,Padaria Pão Quente,BRL
2026-02-20,FREELANCE PROJETO,1200.00,Cliente Exemplo,BRL
2026-02-24,MERCADO REPOSICAO,-53.10,Mercado Bom Preço,BRL
2026-13-01,LINHA COM DATA INVALIDA,-10.00,Loja Teste,BRL
2026-03-01,MERCADO COMPRA SEMANAL,-40.00,Mercado Bom Preço,BRL
2026-03-03,UBER VIAGEM BAIRRO,-18.60,Uber,BRL
2026-03-06,ALUGUEL MARCO,-1500.00,Imobiliária Lar,BRL
2026-03-09,RESTAURANTE ALMOCO,-57.80,Restaurante Sabor,BRL
2026-03-12,POSTO COMBUSTIVEL,-95.50,Posto Estrada,BRL
2026-03-15,ENERGIA CONTA MARCO,-176.90,Companhia Energia,BRL
2026-03-18,PADARIA CAFE DA MANHA,-46.60,Padaria Pão Quente,BRL
2026-03-22,UBER VIAGEM CENTRO,-42.30,Uber,BRL
2026-03-27,MERCADO REPOSICAO,-50.00,Mercado Bom Preço,BRL
